ags;community_nam;population_number;population_density
08425;Alb-Donau-Kreis;192104;141
15081;Altmarkkreis Salzwedel;86878;37
09361;Amberg;41970;8
09561;Ansbach;41847;418
09661;Aschaffenburg;70527;1129
09761;Augsburg;295135;2009
08211;Baden-Baden;55123;393
09461;Bamberg;77592;155184
09461;Bamberg;77592;1420
09462;Bayreuth;74657;1116
11000;Berlin;3644826;4090
05711;Bielefeld;333786;1289
05911;Bochum;364628;2503
08435;Bodenseekreis;205843;309
05314;Bonn;327258;2319
05512;Bottrop;117383;1166
12051;Brandenburg an der Havel;72124;315
12051;Brandenburg an der Havel;72124;313
03101;Braunschweig;248292;1288
04011;Bremen;569352;1745
04012;Bremerhaven;113634;1213
14511;Chemnitz;247235;1118
09463;Coburg;41249;854
09463;Coburg;41249;854
12052;Cottbus;100219;610
12052;Cottbus;100219;605
06411;Darmstadt;159207;1304
03401;Delmenhorst;77607;1242
15001;Dessau-Roßlau;81237;331
15001;Dessau-Roßlau;81237;331
07333;Donnersbergkreis;75508;116
05913;Dortmund;587010;2091
14612;Dresden;554649;1688
05112;Duisburg;498590;2141
05111;Düsseldorf;619294;2848
07232;Eifelkreis Bitburg-Prüm;95946;59
16056;Eisenach;42370;406
03402;Emden;50195;446
05954;Ennepe-Ruhr-Kreis;322731;790
16051;Erfurt;213699;791
09562;Erlangen;111962;1454
09562;Erlangen;111962;0
05113;Essen;583109;2772
01001;Flensburg;89504;1577
07311;Frankenthal;48561;1106
12053;Frankfurt (Oder);57873;391
12053;Frankfurt (Oder);57873;0
06412;Frankfurt am Main;753056;3032
08311;Freiburg im Breisgau;230241;1504
09563;Fürth;127748;2016
05513;Gelsenkirchen;260654;2483
16052;Gera;94152;618
05914;Hagen;188814;1176
15002;Halle (Saale);239257;1771
02000;Hamburg;1841179;2438
05915;Hamm;179111;791
08221;Heidelberg;160355;1472
08121;Heilbronn;125960;1260
05916;Herne;156374;3041
05958;Hochsauerlandkreis;268851;137
09464;Hof;45930;791
09464;Hof;45930;791
08126;Hohenlohekreis;110181;141
16070;Ilm-Kreis;109620;129
09161;Ingolstadt;136981;1027
16053;Jena;111407;970
07312;Kaiserslautern;99845;714
07312;Kaiserslautern;99845;714
08212;Karlsruhe;313092;1805
06611;Kassel;201585;1887
09762;Kaufbeuren;43893;1097
09762;Kaufbeuren;43893;1096
09763;Kempten;68907;275628
09763;Kempten;68907;1088
09763;Kempten;68907;1088
01002;Kiel;247548;2086
07111;Koblenz;114024;1083
07111;Koblenz;114024;0
05114;Krefeld;227020;1647
06431;Kreis Bergstraße;261695;363
06133;Kreis Biedenkopf;65000;159
06433;Kreis Groß-Gerau;254883;562
01053;Kreis Herzogtum Lauenburg;192999;152
01054;Kreis Nordfriesland;163960;78
05138;Kreis Rees;122300;231
01060;Kreis Segeberg;272235;202
05970;Kreis Siegen-Wittgenstein;275909;243
05840;Kreis Soest;123700;194
01062;Kreis Stormarn;236705;308
05842;Kreis Wittgenstein;45500;93
16065;Kyffhäuserkreis;77110;74
05315;Köln;1085664;2680
06532;Lahn-Dill-Kreis;252106;236
07313;Landau in der Pfalz;46677;562
07131;Landkreis Ahrweiler;125837;159
09131;Landkreis Aichach;39411;50
09131;Landkreis Aichach;39411;0
09131;Landkreis Aichach;39411;0
09131;Landkreis Aichach;39411;0
09131;Landkreis Aichach;39411;0
09131;Landkreis Aichach;39411;0
09771;Landkreis Aichach-Friedberg;128435;164
16077;Landkreis Altenburger Land;91607;160
07132;Landkreis Altenkirchen (Westerwald);129166;201
09171;Landkreis Altötting;109422;192
07331;Landkreis Alzey-Worms;125173;212
09331;Landkreis Amberg;46987;64
09331;Landkreis Amberg;46987;0
09331;Landkreis Amberg;46987;0
09331;Landkreis Amberg;46987;0
09331;Landkreis Amberg;46987;0
09331;Landkreis Amberg;46987;0
09371;Landkreis Amberg-Sulzbach;94617;75
03451;Landkreis Ammerland;122698;168
15082;Landkreis Anhalt-Bitterfeld;168475;115
09571;Landkreis Ansbach;157632;79
09671;Landkreis Aschaffenburg;152367;217
09772;Landkreis Augsburg;251534;234
03452;Landkreis Aurich;190066;147
09133;Landkreis Bad Aibling;42605;1
09133;Landkreis Bad Aibling;42605;1
09133;Landkreis Bad Aibling;42605;1
09133;Landkreis Bad Aibling;42605;1
07332;Landkreis Bad Dürkheim;130927;220
09672;Landkreis Bad Kissingen;99022;87
07133;Landkreis Bad Kreuznach;155306;179
09134;Landkreis Bad Tölz;36381;0
09173;Landkreis Bad Tölz-Wolfratshausen;126572;113
09471;Landkreis Bamberg;119829;250
09471;Landkreis Bamberg;119829;102
09471;Landkreis Bamberg;119829;2
09471;Landkreis Bamberg;119829;2
09471;Landkreis Bamberg;119829;2
09471;Landkreis Bamberg;119829;1
09471;Landkreis Bamberg;119829;1
12060;Landkreis Barnim;173193;116236
14625;Landkreis Bautzen;304691;127
09472;Landkreis Bayreuth;96772;217
09472;Landkreis Bayreuth;96772;76
09472;Landkreis Bayreuth;96772;2
09472;Landkreis Bayreuth;96772;2
09472;Landkreis Bayreuth;96772;2
09472;Landkreis Bayreuth;96772;1
09472;Landkreis Bayreuth;96772;1
09332;Landkreis Beilngries;16322;0
09135;Landkreis Berchtesgaden;37519;59
09135;Landkreis Berchtesgaden;37519;0
09135;Landkreis Berchtesgaden;37519;0
09135;Landkreis Berchtesgaden;37519;0
09135;Landkreis Berchtesgaden;37519;0
09135;Landkreis Berchtesgaden;37519;0
09172;Landkreis Berchtesgadener Land;90689;107
07231;Landkreis Bernkastel-Wittlich;110833;94
08426;Landkreis Biberach;194019;137
08426;Landkreis Biberach;194019;137
07134;Landkreis Birkenfeld;81135;104
09231;Landkreis Bogen;30732;59
09231;Landkreis Bogen;30732;0
09231;Landkreis Bogen;30732;0
09231;Landkreis Bogen;30732;0
09231;Landkreis Bogen;30732;0
09231;Landkreis Bogen;30732;0
09231;Landkreis Bogen;31553;61
09231;Landkreis Bogen;31553;0
09231;Landkreis Bogen;31553;0
09231;Landkreis Bogen;31553;0
09231;Landkreis Bogen;31553;0
09231;Landkreis Bogen;31553;0
09231;Landkreis Bogen;32227;62
09231;Landkreis Bogen;32227;0
09231;Landkreis Bogen;32227;0
09231;Landkreis Bogen;32227;0
09231;Landkreis Bogen;32227;0
09231;Landkreis Bogen;32227;0
09231;Landkreis Bogen;32330;62
09231;Landkreis Bogen;32330;0
09231;Landkreis Bogen;32330;0
09231;Landkreis Bogen;32330;0
09231;Landkreis Bogen;32330;0
09231;Landkreis Bogen;32330;0
09231;Landkreis Bogen;35149;68
09231;Landkreis Bogen;35149;0
09231;Landkreis Bogen;35149;0
09231;Landkreis Bogen;35149;0
09231;Landkreis Bogen;35149;0
09231;Landkreis Bogen;35149;0
09231;Landkreis Bogen;39893;77
09231;Landkreis Bogen;39893;0
09231;Landkreis Bogen;39893;0
09231;Landkreis Bogen;39893;0
09231;Landkreis Bogen;39893;0
09231;Landkreis Bogen;39893;0
08315;Landkreis Breisgau-Hochschwarzwald;247711;179
09333;Landkreis Burglengenfeld;26912;0
09333;Landkreis Burglengenfeld;26912;0
09333;Landkreis Burglengenfeld;42019;92
09333;Landkreis Burglengenfeld;42019;1
09333;Landkreis Burglengenfeld;42019;1
09333;Landkreis Burglengenfeld;42019;0
09333;Landkreis Burglengenfeld;42019;0
09333;Landkreis Burglengenfeld;42019;0
09333;Landkreis Burglengenfeld;46256;101
09333;Landkreis Burglengenfeld;46256;1
09333;Landkreis Burglengenfeld;46256;1
09333;Landkreis Burglengenfeld;46256;1
09333;Landkreis Burglengenfeld;46256;1
09333;Landkreis Burglengenfeld;46256;1
09333;Landkreis Burglengenfeld;5407;11
09333;Landkreis Burglengenfeld;5407;0
09333;Landkreis Burglengenfeld;5407;0
09333;Landkreis Burglengenfeld;5407;0
09333;Landkreis Burglengenfeld;5407;0
09333;Landkreis Burglengenfeld;5407;0
09333;Landkreis Burglengenfeld;22359;49
09333;Landkreis Burglengenfeld;22359;0
09333;Landkreis Burglengenfeld;22359;0
09333;Landkreis Burglengenfeld;22359;0
09333;Landkreis Burglengenfeld;22359;0
09333;Landkreis Burglengenfeld;22359;0
09333;Landkreis Burglengenfeld;26477;58
09333;Landkreis Burglengenfeld;26477;0
09333;Landkreis Burglengenfeld;26477;0
09333;Landkreis Burglengenfeld;26477;0
09333;Landkreis Burglengenfeld;26477;0
09333;Landkreis Burglengenfeld;26477;0
09333;Landkreis Burglengenfeld;26912;59
09333;Landkreis Burglengenfeld;26912;0
09333;Landkreis Burglengenfeld;26912;0
09333;Landkreis Burglengenfeld;26912;0
08115;Landkreis Böblingen;381281;617
15083;Landkreis Börde;174001;73
06134;Landkreis Büdingen;18960;26
06134;Landkreis Büdingen;18960;25
06134;Landkreis Büdingen;39032;53
06134;Landkreis Büdingen;39032;53
06134;Landkreis Büdingen;40827;56
06134;Landkreis Büdingen;40827;55
06134;Landkreis Büdingen;44648;61
06134;Landkreis Büdingen;44648;61
06134;Landkreis Büdingen;60139;83
06134;Landkreis Büdingen;60139;82
06134;Landkreis Büdingen;82563;114
06134;Landkreis Büdingen;82563;113
06134;Landkreis Büdingen;87800;121
06134;Landkreis Büdingen;87800;120
06134;Landkreis Büdingen;88101;121
06134;Landkreis Büdingen;88101;120
06134;Landkreis Büdingen;88308;122
06134;Landkreis Büdingen;88308;121
06134;Landkreis Büdingen;18960;38
06134;Landkreis Büdingen;18960;38
06134;Landkreis Büdingen;18960;26
06134;Landkreis Büdingen;39032;79
06134;Landkreis Büdingen;39032;79
06134;Landkreis Büdingen;39032;55
06134;Landkreis Büdingen;40827;83
06134;Landkreis Büdingen;40827;83
06134;Landkreis Büdingen;40827;57
06134;Landkreis Büdingen;44648;90
06134;Landkreis Büdingen;44648;90
06134;Landkreis Büdingen;44648;63
06134;Landkreis Büdingen;60139;122
06134;Landkreis Büdingen;60139;122
06134;Landkreis Büdingen;60139;85
06134;Landkreis Büdingen;82563;168
06134;Landkreis Büdingen;82563;167
06134;Landkreis Büdingen;82563;116
06134;Landkreis Büdingen;87800;178
06134;Landkreis Büdingen;87800;178
06134;Landkreis Büdingen;87800;124
06134;Landkreis Büdingen;88101;179
06134;Landkreis Büdingen;88101;179
06134;Landkreis Büdingen;88101;124
06134;Landkreis Büdingen;88308;179
06134;Landkreis Büdingen;88308;179
06134;Landkreis Büdingen;88308;125
08235;Landkreis Calw;150709;188
03351;Landkreis Celle;178370;114
09372;Landkreis Cham;121401;80
14018;Landkreis Chemnitz;99126;371
14173;Landkreis Chemnitzer Land;132159;393
03453;Landkreis Cloppenburg;165930;117
09473;Landkreis Coburg;82033;138
09473;Landkreis Coburg;82033;1
09473;Landkreis Coburg;82033;1
09473;Landkreis Coburg;82033;1
07135;Landkreis Cochem-Zell;63475;91
03352;Landkreis Cuxhaven;198670;96
09174;Landkreis Dachau;152703;263
12061;Landkreis Dahme-Spreewald;160314;70935
06432;Landkreis Darmstadt-Dieburg;284413;431
09271;Landkreis Deggendorf;115005;201
09271;Landkreis Deggendorf;115005;133
09271;Landkreis Deggendorf;115005;2
09271;Landkreis Deggendorf;115005;2
09271;Landkreis Deggendorf;115005;2
09271;Landkreis Deggendorf;115005;2
09271;Landkreis Deggendorf;115005;2
03251;Landkreis Diepholz;215082;108
09773;Landkreis Dillingen a. d. Donau;80209;101
09233;Landkreis Dingolfing;21075;50
09233;Landkreis Dingolfing;21075;0
09233;Landkreis Dingolfing;21075;0
09233;Landkreis Dingolfing;21075;0
09233;Landkreis Dingolfing;21075;0
09233;Landkreis Dingolfing;21075;0
09233;Landkreis Dingolfing;22087;53
09233;Landkreis Dingolfing;22087;0
09233;Landkreis Dingolfing;22087;0
09233;Landkreis Dingolfing;22087;0
09233;Landkreis Dingolfing;22087;0
09233;Landkreis Dingolfing;22087;0
09233;Landkreis Dingolfing;22436;54
09233;Landkreis Dingolfing;22436;0
09233;Landkreis Dingolfing;22436;0
09233;Landkreis Dingolfing;22436;0
09233;Landkreis Dingolfing;22436;0
09233;Landkreis Dingolfing;22436;0
09233;Landkreis Dingolfing;23049;55
09233;Landkreis Dingolfing;23049;0
09233;Landkreis Dingolfing;23049;0
09233;Landkreis Dingolfing;23049;0
09233;Landkreis Dingolfing;23049;0
09233;Landkreis Dingolfing;23049;0
09233;Landkreis Dingolfing;24300;58
09233;Landkreis Dingolfing;24300;0
09233;Landkreis Dingolfing;24300;0
09233;Landkreis Dingolfing;24300;0
09233;Landkreis Dingolfing;24300;0
09233;Landkreis Dingolfing;24300;0
09233;Landkreis Dingolfing;33897;81
09233;Landkreis Dingolfing;33897;0
09233;Landkreis Dingolfing;33897;0
09233;Landkreis Dingolfing;33897;0
09233;Landkreis Dingolfing;33897;0
09233;Landkreis Dingolfing;33897;0
09279;Landkreis Dingolfing-Landau;75517;86
09779;Landkreis Donau-Ries;117483;92
09434;Landkreis Ebermannstadt;22145;51
09434;Landkreis Ebermannstadt;22145;0
09434;Landkreis Ebermannstadt;22145;0
09434;Landkreis Ebermannstadt;22145;0
09434;Landkreis Ebermannstadt;22145;0
09434;Landkreis Ebermannstadt;22805;52
09434;Landkreis Ebermannstadt;22805;0
09434;Landkreis Ebermannstadt;22805;0
09434;Landkreis Ebermannstadt;22805;0
09434;Landkreis Ebermannstadt;22805;0
09434;Landkreis Ebermannstadt;24397;56
09434;Landkreis Ebermannstadt;24397;0
09434;Landkreis Ebermannstadt;24397;0
09434;Landkreis Ebermannstadt;24397;0
09434;Landkreis Ebermannstadt;24397;0
09434;Landkreis Ebermannstadt;25245;58
09434;Landkreis Ebermannstadt;25245;0
09434;Landkreis Ebermannstadt;25245;0
09434;Landkreis Ebermannstadt;25245;0
09434;Landkreis Ebermannstadt;25245;0
09434;Landkreis Ebermannstadt;26176;60
09434;Landkreis Ebermannstadt;26176;0
09434;Landkreis Ebermannstadt;26176;0
09434;Landkreis Ebermannstadt;26176;0
09434;Landkreis Ebermannstadt;26176;0
09434;Landkreis Ebermannstadt;30264;70
09434;Landkreis Ebermannstadt;30264;0
09434;Landkreis Ebermannstadt;30264;0
09434;Landkreis Ebermannstadt;30264;0
09434;Landkreis Ebermannstadt;30264;0
09175;Landkreis Ebersberg;96283;175
09175;Landkreis Ebersberg;96283;160
09175;Landkreis Ebersberg;96283;1
09175;Landkreis Ebersberg;96283;1
09175;Landkreis Ebersberg;96283;1
09175;Landkreis Ebersberg;96283;1
09175;Landkreis Ebersberg;96283;1
09234;Landkreis Eggenfelden;32051;48
09234;Landkreis Eggenfelden;32051;0
09234;Landkreis Eggenfelden;32051;0
09234;Landkreis Eggenfelden;32051;0
09234;Landkreis Eggenfelden;32051;0
09234;Landkreis Eggenfelden;32051;0
09234;Landkreis Eggenfelden;35213;53
09234;Landkreis Eggenfelden;35213;0
09234;Landkreis Eggenfelden;35213;0
09234;Landkreis Eggenfelden;35213;0
09234;Landkreis Eggenfelden;35213;0
09234;Landkreis Eggenfelden;35213;0
09234;Landkreis Eggenfelden;36392;55
09234;Landkreis Eggenfelden;36392;0
09234;Landkreis Eggenfelden;36392;0
09234;Landkreis Eggenfelden;36392;0
09234;Landkreis Eggenfelden;36392;0
09234;Landkreis Eggenfelden;36392;0
09234;Landkreis Eggenfelden;41776;63
09234;Landkreis Eggenfelden;41776;0
09234;Landkreis Eggenfelden;41776;0
09234;Landkreis Eggenfelden;41776;0
09234;Landkreis Eggenfelden;41776;0
09234;Landkreis Eggenfelden;41776;0
09234;Landkreis Eggenfelden;47499;72
09234;Landkreis Eggenfelden;47499;0
09234;Landkreis Eggenfelden;47499;0
09234;Landkreis Eggenfelden;47499;0
09234;Landkreis Eggenfelden;47499;0
09234;Landkreis Eggenfelden;47499;0
09234;Landkreis Eggenfelden;57691;87
09234;Landkreis Eggenfelden;57691;0
09234;Landkreis Eggenfelden;57691;0
09234;Landkreis Eggenfelden;57691;0
09234;Landkreis Eggenfelden;57691;0
09234;Landkreis Eggenfelden;57691;0
16061;Landkreis Eichsfeld;101325;107
09176;Landkreis Eichstätt;97347;80
12062;Landkreis Elbe-Elster;107649;56
08316;Landkreis Emmendingen;157399;231
03454;Landkreis Emsland;321391;111
09177;Landkreis Erding;89190;121
09177;Landkreis Erding;89190;102
09177;Landkreis Erding;89190;1
09177;Landkreis Erding;89190;1
09177;Landkreis Erding;89190;1
09177;Landkreis Erding;89190;1
09177;Landkreis Erding;89190;1
09572;Landkreis Erlangen-Höchstadt;134136;2
09335;Landkreis Eschenbach in der Oberpfalz;4669;9
09335;Landkreis Eschenbach in der Oberpfalz;4669;0
09335;Landkreis Eschenbach in der Oberpfalz;4669;0
09335;Landkreis Eschenbach in der Oberpfalz;4669;0
09335;Landkreis Eschenbach in der Oberpfalz;4669;0
09335;Landkreis Eschenbach in der Oberpfalz;4669;0
09335;Landkreis Eschenbach in der Oberpfalz;22058;42
09335;Landkreis Eschenbach in der Oberpfalz;22058;0
09335;Landkreis Eschenbach in der Oberpfalz;22058;0
09335;Landkreis Eschenbach in der Oberpfalz;22058;0
09335;Landkreis Eschenbach in der Oberpfalz;22058;0
09335;Landkreis Eschenbach in der Oberpfalz;22058;0
09335;Landkreis Eschenbach in der Oberpfalz;23494;45
09335;Landkreis Eschenbach in der Oberpfalz;23494;0
09335;Landkreis Eschenbach in der Oberpfalz;23494;0
09335;Landkreis Eschenbach in der Oberpfalz;23494;0
09335;Landkreis Eschenbach in der Oberpfalz;23494;0
09335;Landkreis Eschenbach in der Oberpfalz;23494;0
09335;Landkreis Eschenbach in der Oberpfalz;24725;47
09335;Landkreis Eschenbach in der Oberpfalz;24725;0
09335;Landkreis Eschenbach in der Oberpfalz;24725;0
09335;Landkreis Eschenbach in der Oberpfalz;24725;0
09335;Landkreis Eschenbach in der Oberpfalz;24725;0
09335;Landkreis Eschenbach in der Oberpfalz;24725;0
09335;Landkreis Eschenbach in der Oberpfalz;34040;65
09335;Landkreis Eschenbach in der Oberpfalz;34040;0
09335;Landkreis Eschenbach in der Oberpfalz;34040;0
09335;Landkreis Eschenbach in der Oberpfalz;34040;0
09335;Landkreis Eschenbach in der Oberpfalz;34040;0
09335;Landkreis Eschenbach in der Oberpfalz;34040;0
09335;Landkreis Eschenbach in der Oberpfalz;35478;68
09335;Landkreis Eschenbach in der Oberpfalz;35478;0
09335;Landkreis Eschenbach in der Oberpfalz;35478;0
09335;Landkreis Eschenbach in der Oberpfalz;35478;0
09335;Landkreis Eschenbach in der Oberpfalz;35478;0
09335;Landkreis Eschenbach in der Oberpfalz;35478;0
08116;Landkreis Esslingen;524127;817
09474;Landkreis Forchheim;97433;231
09474;Landkreis Forchheim;97433;151
09474;Landkreis Forchheim;97433;2
09474;Landkreis Forchheim;97433;2
09474;Landkreis Forchheim;97433;2
09474;Landkreis Forchheim;97433;2
09474;Landkreis Forchheim;97433;2
09178;Landkreis Freising;118518;148
08237;Landkreis Freudenstadt;115055;132
09272;Landkreis Freyung-Grafenau;75564;76
06139;Landkreis Friedberg;177334;309
03455;Landkreis Friesland;97900;161
06631;Landkreis Fulda;216093;156
09179;Landkreis Fürstenfeldbruck;172760;397
09573;Landkreis Fürth;116193;377
09180;Landkreis Garmisch-Partenkirchen;78782;99
09180;Landkreis Garmisch-Partenkirchen;78782;77
09180;Landkreis Garmisch-Partenkirchen;78782;0
09180;Landkreis Garmisch-Partenkirchen;78782;0
09180;Landkreis Garmisch-Partenkirchen;78782;0
09180;Landkreis Garmisch-Partenkirchen;78782;0
09180;Landkreis Garmisch-Partenkirchen;78782;0
07334;Landkreis Germersheim;124889;269
06531;Landkreis Gießen;253041;296
03151;Landkreis Gifhorn;174749;111
03153;Landkreis Goslar;137979;142
16067;Landkreis Gotha;136831;146
09235;Landkreis Grafenau;27681;72
09235;Landkreis Grafenau;27681;0
09235;Landkreis Grafenau;27681;0
09235;Landkreis Grafenau;27681;0
09235;Landkreis Grafenau;27681;0
09235;Landkreis Grafenau;27681;0
03456;Landkreis Grafschaft Bentheim;135770;138
16076;Landkreis Greiz;101114;119
09236;Landkreis Griesbach im Rottal;40463;79
09236;Landkreis Griesbach im Rottal;40463;0
09236;Landkreis Griesbach im Rottal;40463;0
09236;Landkreis Griesbach im Rottal;40463;0
09236;Landkreis Griesbach im Rottal;40463;0
09236;Landkreis Griesbach im Rottal;40463;0
08117;Landkreis Göppingen;252749;393
14626;Landkreis Görlitz;258337;122
03159;Landkreis Göttingen;327065;292
09774;Landkreis Günzburg;107120;140
03252;Landkreis Hameln-Pyrmont;148265;186
06143;Landkreis Hanau;154700;528
15085;Landkreis Harz;223094;106235
15085;Landkreis Harz;223094;1
12063;Landkreis Havelland;153294;89
09674;Landkreis Haßberge;80257;83
03358;Landkreis Heidekreis;139641;74
08135;Landkreis Heidenheim;130527;208
08125;Landkreis Heilbronn;334388;304
03154;Landkreis Helmstedt;92079;136
06235;Landkreis Hersfeld;76500;136
06632;Landkreis Hersfeld-Rotenburg;120165;109
16069;Landkreis Hildburghausen;64524;68
03254;Landkreis Hildesheim;277300;229
09475;Landkreis Hof;105628;388
09475;Landkreis Hof;105628;118
09475;Landkreis Hof;105628;3
09475;Landkreis Hof;105628;3
09475;Landkreis Hof;105628;3
09475;Landkreis Hof;105628;3
09475;Landkreis Hof;105628;3
03255;Landkreis Holzminden;71510;103
09436;Landkreis Höchstadt an der Aisch;27195;55
09436;Landkreis Höchstadt an der Aisch;27195;0
09436;Landkreis Höchstadt an der Aisch;27195;0
09436;Landkreis Höchstadt an der Aisch;27195;0
09436;Landkreis Höchstadt an der Aisch;27195;0
09436;Landkreis Höchstadt an der Aisch;27195;0
09436;Landkreis Höchstadt an der Aisch;27365;55
09436;Landkreis Höchstadt an der Aisch;27365;0
09436;Landkreis Höchstadt an der Aisch;27365;0
09436;Landkreis Höchstadt an der Aisch;27365;0
09436;Landkreis Höchstadt an der Aisch;27365;0
09436;Landkreis Höchstadt an der Aisch;27365;0
09436;Landkreis Höchstadt an der Aisch;27984;57
09436;Landkreis Höchstadt an der Aisch;27984;0
09436;Landkreis Höchstadt an der Aisch;27984;0
09436;Landkreis Höchstadt an der Aisch;27984;0
09436;Landkreis Höchstadt an der Aisch;27984;0
09436;Landkreis Höchstadt an der Aisch;27984;0
09436;Landkreis Höchstadt an der Aisch;28211;57
09436;Landkreis Höchstadt an der Aisch;28211;0
09436;Landkreis Höchstadt an der Aisch;28211;0
09436;Landkreis Höchstadt an der Aisch;28211;0
09436;Landkreis Höchstadt an der Aisch;28211;0
09436;Landkreis Höchstadt an der Aisch;28211;0
09436;Landkreis Höchstadt an der Aisch;28472;58
09436;Landkreis Höchstadt an der Aisch;28472;0
09436;Landkreis Höchstadt an der Aisch;28472;0
09436;Landkreis Höchstadt an der Aisch;28472;0
09436;Landkreis Höchstadt an der Aisch;28472;0
09436;Landkreis Höchstadt an der Aisch;28472;0
09436;Landkreis Höchstadt an der Aisch;45467;92
09436;Landkreis Höchstadt an der Aisch;45467;0
09436;Landkreis Höchstadt an der Aisch;45467;0
09436;Landkreis Höchstadt an der Aisch;45467;0
09436;Landkreis Höchstadt an der Aisch;45467;0
09436;Landkreis Höchstadt an der Aisch;45467;0
09142;Landkreis Ingolstadt;43347;115
09142;Landkreis Ingolstadt;43347;1
09142;Landkreis Ingolstadt;43347;0
09142;Landkreis Ingolstadt;43347;0
09142;Landkreis Ingolstadt;43347;0
09142;Landkreis Ingolstadt;43347;0
07335;Landkreis Kaiserslautern;104443;163
08215;Landkreis Karlsruhe;435841;401
06633;Landkreis Kassel;234206;181
09273;Landkreis Kelheim;90040;136
09273;Landkreis Kelheim;90040;84
09273;Landkreis Kelheim;90040;1
09273;Landkreis Kelheim;90040;1
09273;Landkreis Kelheim;90040;1
09273;Landkreis Kelheim;90040;1
09336;Landkreis Kemnath;4742;10
09336;Landkreis Kemnath;4742;0
09336;Landkreis Kemnath;4742;0
09336;Landkreis Kemnath;4742;0
09336;Landkreis Kemnath;4742;0
09336;Landkreis Kemnath;4742;0
09336;Landkreis Kemnath;21313;45
09336;Landkreis Kemnath;21313;0
09336;Landkreis Kemnath;21313;0
09336;Landkreis Kemnath;21313;0
09336;Landkreis Kemnath;21313;0
09336;Landkreis Kemnath;21313;0
09336;Landkreis Kemnath;22667;48
09336;Landkreis Kemnath;22667;0
09336;Landkreis Kemnath;22667;0
09336;Landkreis Kemnath;22667;0
09336;Landkreis Kemnath;22667;0
09336;Landkreis Kemnath;22667;0
09336;Landkreis Kemnath;23175;49
09336;Landkreis Kemnath;23175;0
09336;Landkreis Kemnath;23175;0
09336;Landkreis Kemnath;23175;0
09336;Landkreis Kemnath;23175;0
09336;Landkreis Kemnath;23175;0
09336;Landkreis Kemnath;23312;50
09336;Landkreis Kemnath;23312;0
09336;Landkreis Kemnath;23312;0
09336;Landkreis Kemnath;23312;0
09336;Landkreis Kemnath;23312;0
09336;Landkreis Kemnath;23312;0
09336;Landkreis Kemnath;24297;52
09336;Landkreis Kemnath;24297;0
09336;Landkreis Kemnath;24297;0
09336;Landkreis Kemnath;24297;0
09336;Landkreis Kemnath;24297;0
09336;Landkreis Kemnath;24297;0
09675;Landkreis Kitzingen;79304;115
08335;Landkreis Konstanz;270568;330
09476;Landkreis Kronach;75353;253
09476;Landkreis Kronach;75353;115
09476;Landkreis Kronach;75353;2
09476;Landkreis Kronach;75353;2
09476;Landkreis Kronach;75353;1
09476;Landkreis Kronach;75353;1
09476;Landkreis Kronach;75353;1
09477;Landkreis Kulmbach;73055;180
09477;Landkreis Kulmbach;73055;111
09477;Landkreis Kulmbach;73055;1
09477;Landkreis Kulmbach;73055;1
09477;Landkreis Kulmbach;73055;1
09477;Landkreis Kulmbach;73055;1
09477;Landkreis Kulmbach;73055;1
07336;Landkreis Kusel;71766;125
09238;Landkreis Kötzting;23659;50
09238;Landkreis Kötzting;23659;0
09238;Landkreis Kötzting;23659;0
09238;Landkreis Kötzting;23659;0
09238;Landkreis Kötzting;23659;0
09238;Landkreis Kötzting;23659;0
09238;Landkreis Kötzting;25154;54
09238;Landkreis Kötzting;25154;0
09238;Landkreis Kötzting;25154;0
09238;Landkreis Kötzting;25154;0
09238;Landkreis Kötzting;25154;0
09238;Landkreis Kötzting;25154;0
09238;Landkreis Kötzting;25519;54
09238;Landkreis Kötzting;25519;0
09238;Landkreis Kötzting;25519;0
09238;Landkreis Kötzting;25519;0
09238;Landkreis Kötzting;25519;0
09238;Landkreis Kötzting;25519;0
09238;Landkreis Kötzting;28114;60
09238;Landkreis Kötzting;28114;0
09238;Landkreis Kötzting;28114;0
09238;Landkreis Kötzting;28114;0
09238;Landkreis Kötzting;28114;0
09238;Landkreis Kötzting;28114;0
09238;Landkreis Kötzting;31695;68
09238;Landkreis Kötzting;31695;0
09238;Landkreis Kötzting;31695;0
09238;Landkreis Kötzting;31695;0
09238;Landkreis Kötzting;31695;0
09238;Landkreis Kötzting;31695;0
09238;Landkreis Kötzting;37169;80
09238;Landkreis Kötzting;37169;0
09238;Landkreis Kötzting;37169;0
09238;Landkreis Kötzting;37169;0
09238;Landkreis Kötzting;37169;0
09238;Landkreis Kötzting;37169;0
09239;Landkreis Landau an der Isar;21040;54
09239;Landkreis Landau an der Isar;21040;0
09239;Landkreis Landau an der Isar;21040;0
09239;Landkreis Landau an der Isar;21040;0
09239;Landkreis Landau an der Isar;21040;0
09239;Landkreis Landau an der Isar;21040;0
09239;Landkreis Landau an der Isar;22616;58
09239;Landkreis Landau an der Isar;22616;0
09239;Landkreis Landau an der Isar;22616;0
09239;Landkreis Landau an der Isar;22616;0
09239;Landkreis Landau an der Isar;22616;0
09239;Landkreis Landau an der Isar;22616;0
09239;Landkreis Landau an der Isar;23248;60
09239;Landkreis Landau an der Isar;23248;0
09239;Landkreis Landau an der Isar;23248;0
09239;Landkreis Landau an der Isar;23248;0
09239;Landkreis Landau an der Isar;23248;0
09239;Landkreis Landau an der Isar;23248;0
09239;Landkreis Landau an der Isar;25047;65
09239;Landkreis Landau an der Isar;25047;0
09239;Landkreis Landau an der Isar;25047;0
09239;Landkreis Landau an der Isar;25047;0
09239;Landkreis Landau an der Isar;25047;0
09239;Landkreis Landau an der Isar;25047;0
09239;Landkreis Landau an der Isar;30694;79
09239;Landkreis Landau an der Isar;30694;0
09239;Landkreis Landau an der Isar;30694;0
09239;Landkreis Landau an der Isar;30694;0
09239;Landkreis Landau an der Isar;30694;0
09239;Landkreis Landau an der Isar;30694;0
09239;Landkreis Landau an der Isar;36992;96
09239;Landkreis Landau an der Isar;36992;0
09239;Landkreis Landau an der Isar;36992;0
09239;Landkreis Landau an der Isar;36992;0
09239;Landkreis Landau an der Isar;36992;0
09239;Landkreis Landau an der Isar;36992;0
09181;Landkreis Landsberg am Lech;83612;103
09274;Landkreis Landshut;115644;85
09144;Landkreis Laufen;28602;48
09144;Landkreis Laufen;28602;0
09144;Landkreis Laufen;28602;0
09144;Landkreis Laufen;28602;0
09144;Landkreis Laufen;29311;50
09144;Landkreis Laufen;29311;0
09144;Landkreis Laufen;29311;0
09144;Landkreis Laufen;29311;0
09144;Landkreis Laufen;31920;54
09144;Landkreis Laufen;31920;0
09144;Landkreis Laufen;31920;0
09144;Landkreis Laufen;31920;0
09144;Landkreis Laufen;37564;64
09144;Landkreis Laufen;37564;0
09144;Landkreis Laufen;37564;0
09144;Landkreis Laufen;37564;0
09144;Landkreis Laufen;53151;90
09144;Landkreis Laufen;53151;0
09144;Landkreis Laufen;53151;0
09144;Landkreis Laufen;53151;0
09144;Landkreis Laufen;58694;100
09144;Landkreis Laufen;58694;1
09144;Landkreis Laufen;58694;1
09144;Landkreis Laufen;58694;1
09144;Landkreis Laufen;28602;0
09144;Landkreis Laufen;28602;0
09144;Landkreis Laufen;29311;0
09144;Landkreis Laufen;29311;0
09144;Landkreis Laufen;31920;0
09144;Landkreis Laufen;31920;0
09144;Landkreis Laufen;37564;0
09144;Landkreis Laufen;37564;0
09144;Landkreis Laufen;53151;0
09144;Landkreis Laufen;53151;0
09144;Landkreis Laufen;58694;1
09144;Landkreis Laufen;58694;1
03457;Landkreis Leer;168253;154
14729;Landkreis Leipzig;259207;157095
09478;Landkreis Lichtenfels;66640;120
06533;Landkreis Limburg-Weilburg;169904;230
09776;Landkreis Lindau;69522;215
08118;Landkreis Ludwigsburg;534074;777
13076;Landkreis Ludwigslust-Parchim;212373;44
08336;Landkreis Lörrach;220606;273
03354;Landkreis Lüchow-Dannenberg;48825;40
03355;Landkreis Lüneburg;181605;137
09677;Landkreis Main-Spessart;126523;95
09241;Landkreis Mainburg;16161;0
09241;Landkreis Mainburg;16161;0
09241;Landkreis Mainburg;16161;0
09241;Landkreis Mainburg;16161;0
09241;Landkreis Mainburg;18088;0
09241;Landkreis Mainburg;18088;0
09241;Landkreis Mainburg;18088;0
09241;Landkreis Mainburg;18088;0
09241;Landkreis Mainburg;20811;0
09241;Landkreis Mainburg;20811;0
09241;Landkreis Mainburg;20811;0
09241;Landkreis Mainburg;20811;0
09241;Landkreis Mainburg;25852;0
09241;Landkreis Mainburg;25852;0
09241;Landkreis Mainburg;25852;0
09241;Landkreis Mainburg;25852;0
07339;Landkreis Mainz-Bingen;202222;333
09242;Landkreis Mallersdorf;20240;54
09242;Landkreis Mallersdorf;20240;0
09242;Landkreis Mallersdorf;20240;0
09242;Landkreis Mallersdorf;20240;0
09242;Landkreis Mallersdorf;20240;0
09242;Landkreis Mallersdorf;20240;0
09242;Landkreis Mallersdorf;20499;55
09242;Landkreis Mallersdorf;20499;0
09242;Landkreis Mallersdorf;20499;0
09242;Landkreis Mallersdorf;20499;0
09242;Landkreis Mallersdorf;20499;0
09242;Landkreis Mallersdorf;20499;0
09242;Landkreis Mallersdorf;22961;61
09242;Landkreis Mallersdorf;22961;0
09242;Landkreis Mallersdorf;22961;0
09242;Landkreis Mallersdorf;22961;0
09242;Landkreis Mallersdorf;22961;0
09242;Landkreis Mallersdorf;22961;0
09242;Landkreis Mallersdorf;25115;67
09242;Landkreis Mallersdorf;25115;0
09242;Landkreis Mallersdorf;25115;0
09242;Landkreis Mallersdorf;25115;0
09242;Landkreis Mallersdorf;25115;0
09242;Landkreis Mallersdorf;25115;0
09242;Landkreis Mallersdorf;29864;80
09242;Landkreis Mallersdorf;29864;0
09242;Landkreis Mallersdorf;29864;0
09242;Landkreis Mallersdorf;29864;0
09242;Landkreis Mallersdorf;29864;0
09242;Landkreis Mallersdorf;29864;0
09242;Landkreis Mallersdorf;35600;95
09242;Landkreis Mallersdorf;35600;0
09242;Landkreis Mallersdorf;35600;0
09242;Landkreis Mallersdorf;35600;0
09242;Landkreis Mallersdorf;35600;0
09242;Landkreis Mallersdorf;35600;0
15087;Landkreis Mansfeld-Südharz;144735;99
06534;Landkreis Marburg-Biedenkopf;241279;191
07137;Landkreis Mayen-Koblenz;210035;256
13071;Landkreis Mecklenburgische Seenplatte;261733;47
14627;Landkreis Meißen;244717;168
10042;Landkreis Merzig-Wadern;103520;186
09182;Landkreis Miesbach;99726;118
09182;Landkreis Miesbach;99726;115
09182;Landkreis Miesbach;99726;1
09182;Landkreis Miesbach;99726;1
09182;Landkreis Miesbach;99726;1
09182;Landkreis Miesbach;99726;1
09182;Landkreis Miesbach;99726;1
09676;Landkreis Miltenberg;128484;179
12064;Landkreis Märkisch-Oderland;186925;87
09183;Landkreis Mühldorf am Inn;92882;155
09183;Landkreis Mühldorf am Inn;92882;115
09183;Landkreis Mühldorf am Inn;92882;1
09183;Landkreis Mühldorf am Inn;92882;1
09183;Landkreis Mühldorf am Inn;92882;1
09183;Landkreis Mühldorf am Inn;92882;1
09441;Landkreis Münchberg;13898;56
09441;Landkreis Münchberg;13898;0
09441;Landkreis Münchberg;13898;0
09441;Landkreis Münchberg;13898;0
09441;Landkreis Münchberg;13898;0
09441;Landkreis Münchberg;13898;0
09441;Landkreis Münchberg;24960;102
09441;Landkreis Münchberg;24960;1
09441;Landkreis Münchberg;24960;1
09441;Landkreis Münchberg;24960;1
09441;Landkreis Münchberg;24960;0
09441;Landkreis Münchberg;24960;0
09441;Landkreis Münchberg;25988;106
09441;Landkreis Münchberg;25988;1
09441;Landkreis Münchberg;25988;1
09441;Landkreis Münchberg;25988;1
09441;Landkreis Münchberg;25988;0
09441;Landkreis Münchberg;25988;0
09441;Landkreis Münchberg;27319;111
09441;Landkreis Münchberg;27319;1
09441;Landkreis Münchberg;27319;1
09441;Landkreis Münchberg;27319;1
09441;Landkreis Münchberg;27319;0
09441;Landkreis Münchberg;27319;0
09441;Landkreis Münchberg;41739;171
09441;Landkreis Münchberg;41739;1
09441;Landkreis Münchberg;41739;1
09441;Landkreis Münchberg;41739;1
09441;Landkreis Münchberg;41739;1
09441;Landkreis Münchberg;41739;1
09441;Landkreis Münchberg;44929;184
09441;Landkreis Münchberg;44929;1
09441;Landkreis Münchberg;44929;1
09441;Landkreis Münchberg;44929;1
09441;Landkreis Münchberg;44929;1
09441;Landkreis Münchberg;44929;1
09184;Landkreis München;343405;6
09337;Landkreis Nabburg;3714;0
09337;Landkreis Nabburg;3714;0
09337;Landkreis Nabburg;3714;0
09337;Landkreis Nabburg;18177;44
09337;Landkreis Nabburg;18177;0
09337;Landkreis Nabburg;18177;0
09337;Landkreis Nabburg;18177;0
09337;Landkreis Nabburg;18177;0
09337;Landkreis Nabburg;18177;0
09337;Landkreis Nabburg;18201;44
09337;Landkreis Nabburg;18201;0
09337;Landkreis Nabburg;18201;0
09337;Landkreis Nabburg;18201;0
09337;Landkreis Nabburg;18201;0
09337;Landkreis Nabburg;18201;0
09337;Landkreis Nabburg;18383;45
09337;Landkreis Nabburg;18383;0
09337;Landkreis Nabburg;18383;0
09337;Landkreis Nabburg;18383;0
09337;Landkreis Nabburg;18383;0
09337;Landkreis Nabburg;18383;0
09337;Landkreis Nabburg;28846;71
09337;Landkreis Nabburg;28846;0
09337;Landkreis Nabburg;28846;0
09337;Landkreis Nabburg;28846;0
09337;Landkreis Nabburg;28846;0
09337;Landkreis Nabburg;28846;0
09337;Landkreis Nabburg;29216;71
09337;Landkreis Nabburg;29216;0
09337;Landkreis Nabburg;29216;0
09337;Landkreis Nabburg;29216;0
09337;Landkreis Nabburg;29216;0
09337;Landkreis Nabburg;29216;0
09337;Landkreis Nabburg;3714;9
09337;Landkreis Nabburg;3714;0
09337;Landkreis Nabburg;3714;0
09442;Landkreis Naila;13505;0
09442;Landkreis Naila;13505;0
09442;Landkreis Naila;13505;0
09442;Landkreis Naila;13505;0
09442;Landkreis Naila;13505;0
09442;Landkreis Naila;22493;1
09442;Landkreis Naila;22493;0
09442;Landkreis Naila;22493;0
09442;Landkreis Naila;22493;0
09442;Landkreis Naila;22493;0
09442;Landkreis Naila;22703;1
09442;Landkreis Naila;22703;1
09442;Landkreis Naila;22703;1
09442;Landkreis Naila;22703;0
09442;Landkreis Naila;22703;0
09442;Landkreis Naila;22779;1
09442;Landkreis Naila;22779;1
09442;Landkreis Naila;22779;1
09442;Landkreis Naila;22779;0
09442;Landkreis Naila;22779;0
09442;Landkreis Naila;35944;1
09442;Landkreis Naila;35944;1
09442;Landkreis Naila;35944;1
09442;Landkreis Naila;35944;1
09442;Landkreis Naila;35944;1
09442;Landkreis Naila;39116;1
09442;Landkreis Naila;39116;1
09442;Landkreis Naila;39116;1
09442;Landkreis Naila;39116;1
09442;Landkreis Naila;39116;1
09442;Landkreis Naila;13505;59
09442;Landkreis Naila;22493;99
09442;Landkreis Naila;22703;100
09442;Landkreis Naila;22779;100
09442;Landkreis Naila;35944;158
09442;Landkreis Naila;39116;172
09775;Landkreis Neu-Ulm;171011;332
09185;Landkreis Neuburg-Schrobenhausen;76493;103
09373;Landkreis Neumarkt in der Oberpfalz;105346;78
09339;Landkreis Neunburg vorm Wald;6933;11
09339;Landkreis Neunburg vorm Wald;6933;0
09339;Landkreis Neunburg vorm Wald;6933;0
09339;Landkreis Neunburg vorm Wald;6933;0
09339;Landkreis Neunburg vorm Wald;6933;0
09339;Landkreis Neunburg vorm Wald;6933;0
09339;Landkreis Neunburg vorm Wald;15230;24
09339;Landkreis Neunburg vorm Wald;15230;0
09339;Landkreis Neunburg vorm Wald;15230;0
09339;Landkreis Neunburg vorm Wald;15230;0
09339;Landkreis Neunburg vorm Wald;15230;0
09339;Landkreis Neunburg vorm Wald;15230;0
09339;Landkreis Neunburg vorm Wald;15287;24
09339;Landkreis Neunburg vorm Wald;15287;0
09339;Landkreis Neunburg vorm Wald;15287;0
09339;Landkreis Neunburg vorm Wald;15287;0
09339;Landkreis Neunburg vorm Wald;15287;0
09339;Landkreis Neunburg vorm Wald;15287;0
09339;Landkreis Neunburg vorm Wald;16530;26
09339;Landkreis Neunburg vorm Wald;16530;0
09339;Landkreis Neunburg vorm Wald;16530;0
09339;Landkreis Neunburg vorm Wald;16530;0
09339;Landkreis Neunburg vorm Wald;16530;0
09339;Landkreis Neunburg vorm Wald;16530;0
09339;Landkreis Neunburg vorm Wald;18939;30
09339;Landkreis Neunburg vorm Wald;18939;0
09339;Landkreis Neunburg vorm Wald;18939;0
09339;Landkreis Neunburg vorm Wald;18939;0
09339;Landkreis Neunburg vorm Wald;18939;0
09339;Landkreis Neunburg vorm Wald;18939;0
09339;Landkreis Neunburg vorm Wald;32396;52
09339;Landkreis Neunburg vorm Wald;32396;0
09339;Landkreis Neunburg vorm Wald;32396;0
09339;Landkreis Neunburg vorm Wald;32396;0
09339;Landkreis Neunburg vorm Wald;32396;0
09339;Landkreis Neunburg vorm Wald;32396;0
10043;Landkreis Neunkirchen;134099;538
09575;Landkreis Neustadt a. d. Aisch-Bad Windsheim;85686;67
09374;Landkreis Neustadt an der Waldnaab;94486;66
07138;Landkreis Neuwied;179812;286
03256;Landkreis Nienburg/Weser;121503;86
16062;Landkreis Nordhausen;85355;119
14730;Landkreis Nordsachsen;198629;98331
13074;Landkreis Nordwestmecklenburg;155424;73
03155;Landkreis Northeim;133610;105
09574;Landkreis Nürnberger Land;149127;186
09780;Landkreis Oberallgäu;128665;84
12065;Landkreis Oberhavel;211249;117
12066;Landkreis Oberspreewald-Lausitz;115212;94
09341;Landkreis Oberviechtach;14407;0
09341;Landkreis Oberviechtach;14407;0
09341;Landkreis Oberviechtach;14407;0
09341;Landkreis Oberviechtach;14407;0
09341;Landkreis Oberviechtach;14885;0
09341;Landkreis Oberviechtach;14885;0
09341;Landkreis Oberviechtach;14885;0
09341;Landkreis Oberviechtach;14885;0
09341;Landkreis Oberviechtach;15754;0
09341;Landkreis Oberviechtach;15754;0
09341;Landkreis Oberviechtach;15754;0
09341;Landkreis Oberviechtach;15754;0
09341;Landkreis Oberviechtach;16331;0
09341;Landkreis Oberviechtach;16331;0
09341;Landkreis Oberviechtach;16331;0
09341;Landkreis Oberviechtach;16331;0
12067;Landkreis Oder-Spree;177047;78
06438;Landkreis Offenbach;336265;943
03458;Landkreis Oldenburg;129484;121
03459;Landkreis Osnabrück;354807;167
09777;Landkreis Ostallgäu;114547;82
03356;Landkreis Osterholz;112695;173
03156;Landkreis Osterode am Harz;75245;118
12068;Landkreis Ostprignitz-Ruppin;99125;39
09342;Landkreis Parsberg;6085;0
09342;Landkreis Parsberg;6085;0
09342;Landkreis Parsberg;6085;0
09342;Landkreis Parsberg;6085;0
09342;Landkreis Parsberg;6085;0
09342;Landkreis Parsberg;28874;0
09342;Landkreis Parsberg;28874;0
09342;Landkreis Parsberg;28874;0
09342;Landkreis Parsberg;28874;0
09342;Landkreis Parsberg;28874;0
09342;Landkreis Parsberg;31867;0
09342;Landkreis Parsberg;31867;0
09342;Landkreis Parsberg;31867;0
09342;Landkreis Parsberg;31867;0
09342;Landkreis Parsberg;31867;0
09342;Landkreis Parsberg;34855;0
09342;Landkreis Parsberg;34855;0
09342;Landkreis Parsberg;34855;0
09342;Landkreis Parsberg;34855;0
09342;Landkreis Parsberg;34855;0
09342;Landkreis Parsberg;40655;0
09342;Landkreis Parsberg;40655;0
09342;Landkreis Parsberg;40655;0
09342;Landkreis Parsberg;40655;0
09342;Landkreis Parsberg;40655;0
09275;Landkreis Passau;190504;124
09443;Landkreis Pegnitz;13761;24
09443;Landkreis Pegnitz;13761;0
09443;Landkreis Pegnitz;13761;0
09443;Landkreis Pegnitz;13761;0
09443;Landkreis Pegnitz;13761;0
09443;Landkreis Pegnitz;13761;0
09443;Landkreis Pegnitz;26157;46
09443;Landkreis Pegnitz;26157;0
09443;Landkreis Pegnitz;26157;0
09443;Landkreis Pegnitz;26157;0
09443;Landkreis Pegnitz;26157;0
09443;Landkreis Pegnitz;26157;0
09443;Landkreis Pegnitz;27826;49
09443;Landkreis Pegnitz;27826;0
09443;Landkreis Pegnitz;27826;0
09443;Landkreis Pegnitz;27826;0
09443;Landkreis Pegnitz;27826;0
09443;Landkreis Pegnitz;27826;0
09443;Landkreis Pegnitz;28178;50
09443;Landkreis Pegnitz;28178;0
09443;Landkreis Pegnitz;28178;0
09443;Landkreis Pegnitz;28178;0
09443;Landkreis Pegnitz;28178;0
09443;Landkreis Pegnitz;28178;0
09443;Landkreis Pegnitz;36643;65
09443;Landkreis Pegnitz;36643;0
09443;Landkreis Pegnitz;36643;0
09443;Landkreis Pegnitz;36643;0
09443;Landkreis Pegnitz;36643;0
09443;Landkreis Pegnitz;36643;0
09443;Landkreis Pegnitz;38675;69
09443;Landkreis Pegnitz;38675;0
09443;Landkreis Pegnitz;38675;0
09443;Landkreis Pegnitz;38675;0
09443;Landkreis Pegnitz;38675;0
09443;Landkreis Pegnitz;38675;0
03157;Landkreis Peine;132979;248
09186;Landkreis Pfaffenhofen a. d. Ilm;126244;166
09244;Landkreis Pfarrkirchen;51165;90
08216;Landkreis Rastatt;227474;307
08436;Landkreis Ravensburg;272425;166
09276;Landkreis Regen;76135;133
09276;Landkreis Regen;76135;78
09276;Landkreis Regen;76135;1
09276;Landkreis Regen;76135;1
09276;Landkreis Regen;76135;1
09276;Landkreis Regen;76135;1
09276;Landkreis Regen;76135;1
09375;Landkreis Regensburg;144278;103
09444;Landkreis Rehau;10356;33
09444;Landkreis Rehau;10356;0
09444;Landkreis Rehau;10356;0
09444;Landkreis Rehau;10356;0
09444;Landkreis Rehau;10356;0
09444;Landkreis Rehau;10356;0
09444;Landkreis Rehau;20328;65
09444;Landkreis Rehau;20328;0
09444;Landkreis Rehau;20328;0
09444;Landkreis Rehau;20328;0
09444;Landkreis Rehau;20328;0
09444;Landkreis Rehau;20328;0
09444;Landkreis Rehau;23965;77
09444;Landkreis Rehau;23965;0
09444;Landkreis Rehau;23965;0
09444;Landkreis Rehau;23965;0
09444;Landkreis Rehau;23965;0
09444;Landkreis Rehau;23965;0
09444;Landkreis Rehau;25511;82
09444;Landkreis Rehau;25511;0
09444;Landkreis Rehau;25511;0
09444;Landkreis Rehau;25511;0
09444;Landkreis Rehau;25511;0
09444;Landkreis Rehau;25511;0
09444;Landkreis Rehau;27563;89
09444;Landkreis Rehau;27563;1
09444;Landkreis Rehau;27563;1
09444;Landkreis Rehau;27563;1
09444;Landkreis Rehau;27563;1
09444;Landkreis Rehau;27563;1
09444;Landkreis Rehau;28770;93
09444;Landkreis Rehau;28770;1
09444;Landkreis Rehau;28770;1
09444;Landkreis Rehau;28770;1
09444;Landkreis Rehau;28770;1
09444;Landkreis Rehau;28770;1
08415;Landkreis Reutlingen;274691;252010
09673;Landkreis Rhön-Grabfeld;77197;75
09344;Landkreis Riedenburg;15532;0
09344;Landkreis Riedenburg;15532;0
09344;Landkreis Riedenburg;15532;0
09344;Landkreis Riedenburg;17102;0
09344;Landkreis Riedenburg;17102;0
09344;Landkreis Riedenburg;17102;0
09344;Landkreis Riedenburg;20632;0
09344;Landkreis Riedenburg;20632;0
09344;Landkreis Riedenburg;20632;0
09345;Landkreis Roding;5161;8
09345;Landkreis Roding;5161;0
09345;Landkreis Roding;5161;0
09345;Landkreis Roding;5161;0
09345;Landkreis Roding;5161;0
09345;Landkreis Roding;5161;0
09345;Landkreis Roding;23743;39
09345;Landkreis Roding;23743;0
09345;Landkreis Roding;23743;0
09345;Landkreis Roding;23743;0
09345;Landkreis Roding;23743;0
09345;Landkreis Roding;23743;0
09345;Landkreis Roding;25093;41
09345;Landkreis Roding;25093;0
09345;Landkreis Roding;25093;0
09345;Landkreis Roding;25093;0
09345;Landkreis Roding;25093;0
09345;Landkreis Roding;25093;0
09345;Landkreis Roding;26810;44
09345;Landkreis Roding;26810;0
09345;Landkreis Roding;26810;0
09345;Landkreis Roding;26810;0
09345;Landkreis Roding;26810;0
09345;Landkreis Roding;26810;0
09345;Landkreis Roding;30126;50
09345;Landkreis Roding;30126;0
09345;Landkreis Roding;30126;0
09345;Landkreis Roding;30126;0
09345;Landkreis Roding;30126;0
09345;Landkreis Roding;30126;0
09345;Landkreis Roding;32478;54
09345;Landkreis Roding;32478;0
09345;Landkreis Roding;32478;0
09345;Landkreis Roding;32478;0
09345;Landkreis Roding;32478;0
09345;Landkreis Roding;32478;0
09187;Landkreis Rosenheim;190104;132
13072;Landkreis Rostock;211878;61
09576;Landkreis Roth;103944;116
09277;Landkreis Rottal-Inn;104013;81260
09246;Landkreis Rottenburg an der Laaber;17688;25
09246;Landkreis Rottenburg an der Laaber;17688;0
09246;Landkreis Rottenburg an der Laaber;17688;0
09246;Landkreis Rottenburg an der Laaber;17688;0
09246;Landkreis Rottenburg an der Laaber;17688;0
09246;Landkreis Rottenburg an der Laaber;17688;0
09246;Landkreis Rottenburg an der Laaber;20492;29
09246;Landkreis Rottenburg an der Laaber;20492;0
09246;Landkreis Rottenburg an der Laaber;20492;0
09246;Landkreis Rottenburg an der Laaber;20492;0
09246;Landkreis Rottenburg an der Laaber;20492;0
09246;Landkreis Rottenburg an der Laaber;20492;0
09246;Landkreis Rottenburg an der Laaber;22343;31
09246;Landkreis Rottenburg an der Laaber;22343;0
09246;Landkreis Rottenburg an der Laaber;22343;0
09246;Landkreis Rottenburg an der Laaber;22343;0
09246;Landkreis Rottenburg an der Laaber;22343;0
09246;Landkreis Rottenburg an der Laaber;22343;0
09246;Landkreis Rottenburg an der Laaber;28127;40
09246;Landkreis Rottenburg an der Laaber;28127;0
09246;Landkreis Rottenburg an der Laaber;28127;0
09246;Landkreis Rottenburg an der Laaber;28127;0
09246;Landkreis Rottenburg an der Laaber;28127;0
09246;Landkreis Rottenburg an der Laaber;28127;0
09246;Landkreis Rottenburg an der Laaber;32396;46
09246;Landkreis Rottenburg an der Laaber;32396;0
09246;Landkreis Rottenburg an der Laaber;32396;0
09246;Landkreis Rottenburg an der Laaber;32396;0
09246;Landkreis Rottenburg an der Laaber;32396;0
09246;Landkreis Rottenburg an der Laaber;32396;0
09246;Landkreis Rottenburg an der Laaber;36270;51
09246;Landkreis Rottenburg an der Laaber;36270;1
09246;Landkreis Rottenburg an der Laaber;36270;0
09246;Landkreis Rottenburg an der Laaber;36270;0
09246;Landkreis Rottenburg an der Laaber;36270;0
09246;Landkreis Rottenburg an der Laaber;36270;0
08325;Landkreis Rottweil;135553;176
16073;Landkreis Saalfeld-Rudolstadt;109278;105
10044;Landkreis Saarlouis;196611;428
03257;Landkreis Schaumburg;157616;233
09544;Landkreis Scheinfeld;21473;54
16066;Landkreis Schmalkalden-Meiningen;124623;102
09151;Landkreis Schrobenhausen;29061;72
09151;Landkreis Schrobenhausen;29061;0
09151;Landkreis Schrobenhausen;29061;0
09151;Landkreis Schrobenhausen;29061;0
09151;Landkreis Schrobenhausen;29061;0
09151;Landkreis Schrobenhausen;29061;0
09545;Landkreis Schwabach;71934;141
09376;Landkreis Schwandorf;131260;89
09678;Landkreis Schweinfurt;103697;123
08127;Landkreis Schwäbisch Hall;191614;129
08437;Landkreis Sigmaringen;127272;105
16072;Landkreis Sonneberg;56818;131
09748;Landkreis Sonthofen;28835;29
12071;Landkreis Spree-Neiße;118899;72
03359;Landkreis Stade;201638;159
09445;Landkreis Stadtsteinach;8753;36
09445;Landkreis Stadtsteinach;8753;0
09445;Landkreis Stadtsteinach;8753;0
09445;Landkreis Stadtsteinach;8753;0
09445;Landkreis Stadtsteinach;8753;0
09445;Landkreis Stadtsteinach;8753;0
09445;Landkreis Stadtsteinach;17329;71
09445;Landkreis Stadtsteinach;17329;0
09445;Landkreis Stadtsteinach;17329;0
09445;Landkreis Stadtsteinach;17329;0
09445;Landkreis Stadtsteinach;17329;0
09445;Landkreis Stadtsteinach;17329;0
09445;Landkreis Stadtsteinach;19105;79
09445;Landkreis Stadtsteinach;19105;0
09445;Landkreis Stadtsteinach;19105;0
09445;Landkreis Stadtsteinach;19105;0
09445;Landkreis Stadtsteinach;19105;0
09445;Landkreis Stadtsteinach;19105;0
09445;Landkreis Stadtsteinach;19648;81
09445;Landkreis Stadtsteinach;19648;0
09445;Landkreis Stadtsteinach;19648;0
09445;Landkreis Stadtsteinach;19648;0
09445;Landkreis Stadtsteinach;19648;0
09445;Landkreis Stadtsteinach;19648;0
09445;Landkreis Stadtsteinach;20452;84
09445;Landkreis Stadtsteinach;20452;0
09445;Landkreis Stadtsteinach;20452;0
09445;Landkreis Stadtsteinach;20452;0
09445;Landkreis Stadtsteinach;20452;0
09445;Landkreis Stadtsteinach;20452;0
09445;Landkreis Stadtsteinach;22767;94
09445;Landkreis Stadtsteinach;22767;0
09445;Landkreis Stadtsteinach;22767;0
09445;Landkreis Stadtsteinach;22767;0
09445;Landkreis Stadtsteinach;22767;0
09445;Landkreis Stadtsteinach;22767;0
09446;Landkreis Staffelstein;10321;31
09446;Landkreis Staffelstein;10321;0
09446;Landkreis Staffelstein;10321;0
09446;Landkreis Staffelstein;10321;0
09446;Landkreis Staffelstein;10321;0
09446;Landkreis Staffelstein;10321;0
09446;Landkreis Staffelstein;18810;57
09446;Landkreis Staffelstein;18810;0
09446;Landkreis Staffelstein;18810;0
09446;Landkreis Staffelstein;18810;0
09446;Landkreis Staffelstein;18810;0
09446;Landkreis Staffelstein;18810;0
09446;Landkreis Staffelstein;20145;61
09446;Landkreis Staffelstein;20145;0
09446;Landkreis Staffelstein;20145;0
09446;Landkreis Staffelstein;20145;0
09446;Landkreis Staffelstein;20145;0
09446;Landkreis Staffelstein;20145;0
09446;Landkreis Staffelstein;20435;62
09446;Landkreis Staffelstein;20435;0
09446;Landkreis Staffelstein;20435;0
09446;Landkreis Staffelstein;20435;0
09446;Landkreis Staffelstein;20435;0
09446;Landkreis Staffelstein;20435;0
09446;Landkreis Staffelstein;25518;77
09446;Landkreis Staffelstein;25518;0
09446;Landkreis Staffelstein;25518;0
09446;Landkreis Staffelstein;25518;0
09446;Landkreis Staffelstein;25518;0
09446;Landkreis Staffelstein;25518;0
09446;Landkreis Staffelstein;27650;84
09446;Landkreis Staffelstein;27650;0
09446;Landkreis Staffelstein;27650;0
09446;Landkreis Staffelstein;27650;0
09446;Landkreis Staffelstein;27650;0
09446;Landkreis Staffelstein;27650;0
09188;Landkreis Starnberg;108887;223
15090;Landkreis Stendal;116666;48
09247;Landkreis Straubing;20745;46
09247;Landkreis Straubing;20745;0
09247;Landkreis Straubing;20745;0
09247;Landkreis Straubing;20745;0
09247;Landkreis Straubing;20745;0
09247;Landkreis Straubing;20745;0
09247;Landkreis Straubing;21719;48
09247;Landkreis Straubing;21719;0
09247;Landkreis Straubing;21719;0
09247;Landkreis Straubing;21719;0
09247;Landkreis Straubing;21719;0
09247;Landkreis Straubing;21719;0
09247;Landkreis Straubing;21924;48
09247;Landkreis Straubing;21924;0
09247;Landkreis Straubing;21924;0
09247;Landkreis Straubing;21924;0
09247;Landkreis Straubing;21924;0
09247;Landkreis Straubing;21924;0
09247;Landkreis Straubing;23359;52
09247;Landkreis Straubing;23359;0
09247;Landkreis Straubing;23359;0
09247;Landkreis Straubing;23359;0
09247;Landkreis Straubing;23359;0
09247;Landkreis Straubing;23359;0
09247;Landkreis Straubing;28451;63
09247;Landkreis Straubing;28451;0
09247;Landkreis Straubing;28451;0
09247;Landkreis Straubing;28451;0
09247;Landkreis Straubing;28451;0
09247;Landkreis Straubing;28451;0
09247;Landkreis Straubing;34521;77
09247;Landkreis Straubing;34521;0
09247;Landkreis Straubing;34521;0
09247;Landkreis Straubing;34521;0
09247;Landkreis Straubing;34521;0
09247;Landkreis Straubing;34521;0
09278;Landkreis Straubing-Bogen;81062;67
09346;Landkreis Sulzbach-Rosenberg;3741;10
09346;Landkreis Sulzbach-Rosenberg;3741;0
09346;Landkreis Sulzbach-Rosenberg;3741;0
09346;Landkreis Sulzbach-Rosenberg;3741;0
09346;Landkreis Sulzbach-Rosenberg;3741;0
09346;Landkreis Sulzbach-Rosenberg;3741;0
09346;Landkreis Sulzbach-Rosenberg;17079;48
09346;Landkreis Sulzbach-Rosenberg;17079;0
09346;Landkreis Sulzbach-Rosenberg;17079;0
09346;Landkreis Sulzbach-Rosenberg;17079;0
09346;Landkreis Sulzbach-Rosenberg;17079;0
09346;Landkreis Sulzbach-Rosenberg;17079;0
09346;Landkreis Sulzbach-Rosenberg;20102;57
09346;Landkreis Sulzbach-Rosenberg;20102;0
09346;Landkreis Sulzbach-Rosenberg;20102;0
09346;Landkreis Sulzbach-Rosenberg;20102;0
09346;Landkreis Sulzbach-Rosenberg;20102;0
09346;Landkreis Sulzbach-Rosenberg;20102;0
09346;Landkreis Sulzbach-Rosenberg;20911;59
09346;Landkreis Sulzbach-Rosenberg;20911;0
09346;Landkreis Sulzbach-Rosenberg;20911;0
09346;Landkreis Sulzbach-Rosenberg;20911;0
09346;Landkreis Sulzbach-Rosenberg;20911;0
09346;Landkreis Sulzbach-Rosenberg;20911;0
09346;Landkreis Sulzbach-Rosenberg;32541;92
09346;Landkreis Sulzbach-Rosenberg;32541;0
09346;Landkreis Sulzbach-Rosenberg;32541;0
09346;Landkreis Sulzbach-Rosenberg;32541;0
09346;Landkreis Sulzbach-Rosenberg;32541;0
09346;Landkreis Sulzbach-Rosenberg;32541;0
09346;Landkreis Sulzbach-Rosenberg;32736;93
09346;Landkreis Sulzbach-Rosenberg;32736;0
09346;Landkreis Sulzbach-Rosenberg;32736;0
09346;Landkreis Sulzbach-Rosenberg;32736;0
09346;Landkreis Sulzbach-Rosenberg;32736;0
09346;Landkreis Sulzbach-Rosenberg;32736;0
14628;Landkreis Sächsische Schweiz-Osterzgebirge;246066;148
16068;Landkreis Sömmerda;70600;87
07337;Landkreis Südliche Weinstraße;108752;169
09377;Landkreis Tirschenreuth;77865;71
09189;Landkreis Traunstein;145408;121
09189;Landkreis Traunstein;145408;94
09189;Landkreis Traunstein;145408;1
09189;Landkreis Traunstein;145408;1
09189;Landkreis Traunstein;145408;1
09189;Landkreis Traunstein;145408;1
09189;Landkreis Traunstein;145408;1
07235;Landkreis Trier-Saarburg;143893;130
08327;Landkreis Tuttlingen;132476;180
08416;Landkreis Tübingen;214894;413
12073;Landkreis Uckermark;120878;39
13062;Landkreis Uecker-Randow;72137;44
03360;Landkreis Uelzen;92961;63
09778;Landkreis Unterallgäu;115770;94
03460;Landkreis Vechta;139671;171
03361;Landkreis Verden;135842;172
09248;Landkreis Viechtach;19465;47
09248;Landkreis Viechtach;19465;0
09248;Landkreis Viechtach;19465;0
09248;Landkreis Viechtach;19465;0
09248;Landkreis Viechtach;29028;0
09248;Landkreis Viechtach;29028;0
09248;Landkreis Viechtach;29028;0
09248;Landkreis Viechtach;29028;0
09248;Landkreis Viechtach;29028;0
09248;Landkreis Viechtach;34139;83
09248;Landkreis Viechtach;34139;0
09248;Landkreis Viechtach;34139;0
09248;Landkreis Viechtach;34139;0
09248;Landkreis Viechtach;34139;0
09248;Landkreis Viechtach;34139;0
09248;Landkreis Viechtach;19465;0
09248;Landkreis Viechtach;19465;0
09248;Landkreis Viechtach;20828;50
09248;Landkreis Viechtach;20828;0
09248;Landkreis Viechtach;20828;0
09248;Landkreis Viechtach;20828;0
09248;Landkreis Viechtach;20828;0
09248;Landkreis Viechtach;20828;0
09248;Landkreis Viechtach;22092;53
09248;Landkreis Viechtach;22092;0
09248;Landkreis Viechtach;22092;0
09248;Landkreis Viechtach;22092;0
09248;Landkreis Viechtach;22092;0
09248;Landkreis Viechtach;22092;0
09248;Landkreis Viechtach;25318;61
09248;Landkreis Viechtach;25318;0
09248;Landkreis Viechtach;25318;0
09248;Landkreis Viechtach;25318;0
09248;Landkreis Viechtach;25318;0
09248;Landkreis Viechtach;25318;0
09248;Landkreis Viechtach;29028;70
09249;Landkreis Vilsbiburg;26324;48
09249;Landkreis Vilsbiburg;26324;0
09249;Landkreis Vilsbiburg;26324;0
09249;Landkreis Vilsbiburg;26324;0
09249;Landkreis Vilsbiburg;26324;0
09249;Landkreis Vilsbiburg;26324;0
09249;Landkreis Vilsbiburg;29000;53
09249;Landkreis Vilsbiburg;29000;0
09249;Landkreis Vilsbiburg;29000;0
09249;Landkreis Vilsbiburg;29000;0
09249;Landkreis Vilsbiburg;29000;0
09249;Landkreis Vilsbiburg;29000;0
09249;Landkreis Vilsbiburg;30115;56
09249;Landkreis Vilsbiburg;30115;0
09249;Landkreis Vilsbiburg;30115;0
09249;Landkreis Vilsbiburg;30115;0
09249;Landkreis Vilsbiburg;30115;0
09249;Landkreis Vilsbiburg;30115;0
09249;Landkreis Vilsbiburg;32492;60
09249;Landkreis Vilsbiburg;32492;0
09249;Landkreis Vilsbiburg;32492;0
09249;Landkreis Vilsbiburg;32492;0
09249;Landkreis Vilsbiburg;32492;0
09249;Landkreis Vilsbiburg;32492;0
09249;Landkreis Vilsbiburg;36762;68
09249;Landkreis Vilsbiburg;36762;0
09249;Landkreis Vilsbiburg;36762;0
09249;Landkreis Vilsbiburg;36762;0
09249;Landkreis Vilsbiburg;36762;0
09249;Landkreis Vilsbiburg;36762;0
09249;Landkreis Vilsbiburg;45531;84
09249;Landkreis Vilsbiburg;45531;0
09249;Landkreis Vilsbiburg;45531;0
09249;Landkreis Vilsbiburg;45531;0
09249;Landkreis Vilsbiburg;45531;0
09249;Landkreis Vilsbiburg;45531;0
09250;Landkreis Vilshofen;39210;67
09250;Landkreis Vilshofen;39210;0
09250;Landkreis Vilshofen;39210;0
09250;Landkreis Vilshofen;39210;0
09250;Landkreis Vilshofen;39210;0
09250;Landkreis Vilshofen;39210;0
09250;Landkreis Vilshofen;42482;72
09250;Landkreis Vilshofen;42482;0
09250;Landkreis Vilshofen;42482;0
09250;Landkreis Vilshofen;42482;0
09250;Landkreis Vilshofen;42482;0
09250;Landkreis Vilshofen;42482;0
09250;Landkreis Vilshofen;42568;72
09250;Landkreis Vilshofen;42568;0
09250;Landkreis Vilshofen;42568;0
09250;Landkreis Vilshofen;42568;0
09250;Landkreis Vilshofen;42568;0
09250;Landkreis Vilshofen;42568;0
09250;Landkreis Vilshofen;45777;78
09250;Landkreis Vilshofen;45777;0
09250;Landkreis Vilshofen;45777;0
09250;Landkreis Vilshofen;45777;0
09250;Landkreis Vilshofen;45777;0
09250;Landkreis Vilshofen;45777;0
09250;Landkreis Vilshofen;52980;90
09250;Landkreis Vilshofen;52980;0
09250;Landkreis Vilshofen;52980;0
09250;Landkreis Vilshofen;52980;0
09250;Landkreis Vilshofen;52980;0
09250;Landkreis Vilshofen;52980;0
09250;Landkreis Vilshofen;62800;107
09250;Landkreis Vilshofen;62800;1
09250;Landkreis Vilshofen;62800;1
09250;Landkreis Vilshofen;62800;1
09250;Landkreis Vilshofen;62800;1
09250;Landkreis Vilshofen;62800;1
09348;Landkreis Vohenstrauß;5126;11
09348;Landkreis Vohenstrauß;5126;0
09348;Landkreis Vohenstrauß;5126;0
09348;Landkreis Vohenstrauß;5126;0
09348;Landkreis Vohenstrauß;5126;0
09348;Landkreis Vohenstrauß;5126;0
09348;Landkreis Vohenstrauß;23029;52
09348;Landkreis Vohenstrauß;23029;0
09348;Landkreis Vohenstrauß;23029;0
09348;Landkreis Vohenstrauß;23029;0
09348;Landkreis Vohenstrauß;23029;0
09348;Landkreis Vohenstrauß;23029;0
09348;Landkreis Vohenstrauß;23211;52
09348;Landkreis Vohenstrauß;23211;0
09348;Landkreis Vohenstrauß;23211;0
09348;Landkreis Vohenstrauß;23211;0
09348;Landkreis Vohenstrauß;23211;0
09348;Landkreis Vohenstrauß;23211;0
09348;Landkreis Vohenstrauß;23549;53
09348;Landkreis Vohenstrauß;23549;0
09348;Landkreis Vohenstrauß;23549;0
09348;Landkreis Vohenstrauß;23549;0
09348;Landkreis Vohenstrauß;23549;0
09348;Landkreis Vohenstrauß;23549;0
09348;Landkreis Vohenstrauß;24572;55
09348;Landkreis Vohenstrauß;24572;0
09348;Landkreis Vohenstrauß;24572;0
09348;Landkreis Vohenstrauß;24572;0
09348;Landkreis Vohenstrauß;24572;0
09348;Landkreis Vohenstrauß;24572;0
09348;Landkreis Vohenstrauß;28156;63
09348;Landkreis Vohenstrauß;28156;0
09348;Landkreis Vohenstrauß;28156;0
09348;Landkreis Vohenstrauß;28156;0
09348;Landkreis Vohenstrauß;28156;0
09348;Landkreis Vohenstrauß;28156;0
13075;Landkreis Vorpommern-Greifswald;237374;60
13075;Landkreis Vorpommern-Greifswald;237374;60
06635;Landkreis Waldeck-Frankenberg;157293;85
09349;Landkreis Waldmünchen;3538;13
09349;Landkreis Waldmünchen;3538;0
09349;Landkreis Waldmünchen;3538;0
09349;Landkreis Waldmünchen;3538;0
09349;Landkreis Waldmünchen;3538;0
09349;Landkreis Waldmünchen;3538;0
09349;Landkreis Waldmünchen;15291;56
09349;Landkreis Waldmünchen;15291;0
09349;Landkreis Waldmünchen;15291;0
09349;Landkreis Waldmünchen;15291;0
09349;Landkreis Waldmünchen;15291;0
09349;Landkreis Waldmünchen;15291;0
09349;Landkreis Waldmünchen;15805;58
09349;Landkreis Waldmünchen;15805;0
09349;Landkreis Waldmünchen;15805;0
09349;Landkreis Waldmünchen;15805;0
09349;Landkreis Waldmünchen;15805;0
09349;Landkreis Waldmünchen;15805;0
09349;Landkreis Waldmünchen;16098;59
09349;Landkreis Waldmünchen;16098;0
09349;Landkreis Waldmünchen;16098;0
09349;Landkreis Waldmünchen;16098;0
09349;Landkreis Waldmünchen;16098;0
09349;Landkreis Waldmünchen;16098;0
09349;Landkreis Waldmünchen;16232;59
09349;Landkreis Waldmünchen;16232;0
09349;Landkreis Waldmünchen;16232;0
09349;Landkreis Waldmünchen;16232;0
09349;Landkreis Waldmünchen;16232;0
09349;Landkreis Waldmünchen;16232;0
09349;Landkreis Waldmünchen;19576;72
09349;Landkreis Waldmünchen;19576;0
09349;Landkreis Waldmünchen;19576;0
09349;Landkreis Waldmünchen;19576;0
09349;Landkreis Waldmünchen;19576;0
09349;Landkreis Waldmünchen;19576;0
08337;Landkreis Waldshut;163699;144
09154;Landkreis Wasserburg am Inn;48839;70
09154;Landkreis Wasserburg am Inn;48839;0
09154;Landkreis Wasserburg am Inn;48839;0
09154;Landkreis Wasserburg am Inn;48839;0
09154;Landkreis Wasserburg am Inn;48839;0
09154;Landkreis Wasserburg am Inn;48839;0
09251;Landkreis Wegscheid;23505;86
09251;Landkreis Wegscheid;23505;85
09251;Landkreis Wegscheid;23505;0
09251;Landkreis Wegscheid;23505;0
09251;Landkreis Wegscheid;23505;0
09251;Landkreis Wegscheid;23505;0
09190;Landkreis Weilheim-Schongau;106376;110
16071;Landkreis Weimarer Land;82127;102
09577;Landkreis Weißenburg-Gunzenhausen;92331;95
03461;Landkreis Wesermarsch;89282;108
15091;Landkreis Wittenberg;130699;67
03462;Landkreis Wittmund;56881;86
03158;Landkreis Wolfenbüttel;120904;167
09156;Landkreis Wolfratshausen;45628;0
09252;Landkreis Wolfstein;28216;46
09252;Landkreis Wolfstein;28216;0
09252;Landkreis Wolfstein;28216;0
09252;Landkreis Wolfstein;28216;0
09252;Landkreis Wolfstein;28216;0
09252;Landkreis Wolfstein;28216;0
09252;Landkreis Wolfstein;29626;48
09252;Landkreis Wolfstein;29626;0
09252;Landkreis Wolfstein;29626;0
09252;Landkreis Wolfstein;29626;0
09252;Landkreis Wolfstein;29626;0
09252;Landkreis Wolfstein;29626;0
09252;Landkreis Wolfstein;29763;49
09252;Landkreis Wolfstein;29763;0
09252;Landkreis Wolfstein;29763;0
09252;Landkreis Wolfstein;29763;0
09252;Landkreis Wolfstein;29763;0
09252;Landkreis Wolfstein;29763;0
09252;Landkreis Wolfstein;32416;53
09252;Landkreis Wolfstein;32416;0
09252;Landkreis Wolfstein;32416;0
09252;Landkreis Wolfstein;32416;0
09252;Landkreis Wolfstein;32416;0
09252;Landkreis Wolfstein;32416;0
09252;Landkreis Wolfstein;40170;66
09252;Landkreis Wolfstein;40170;0
09252;Landkreis Wolfstein;40170;0
09252;Landkreis Wolfstein;40170;0
09252;Landkreis Wolfstein;40170;0
09252;Landkreis Wolfstein;40170;0
09252;Landkreis Wolfstein;45389;75
09252;Landkreis Wolfstein;45389;0
09252;Landkreis Wolfstein;45389;0
09252;Landkreis Wolfstein;45389;0
09252;Landkreis Wolfstein;45389;0
09252;Landkreis Wolfstein;45389;0
09479;Landkreis Wunsiedel i. Fichtelgebirge;87941;186
09479;Landkreis Wunsiedel i. Fichtelgebirge;87941;145
09479;Landkreis Wunsiedel i. Fichtelgebirge;87941;1
09479;Landkreis Wunsiedel i. Fichtelgebirge;87941;1
09479;Landkreis Wunsiedel i. Fichtelgebirge;87941;1
09479;Landkreis Wunsiedel i. Fichtelgebirge;87941;1
09479;Landkreis Wunsiedel i. Fichtelgebirge;87941;1
09679;Landkreis Würzburg;161340;166
07341;Landkreis Zweibrücken;32284;130
14524;Landkreis Zwickau;325137;342
09261;Landshut;72404;1099
09261;Landshut;72404;37
09261;Landshut;72404;0
14713;Leipzig;587857;1973
05316;Leverkusen;163838;2077
07314;Ludwigshafen am Rhein;171061;2209
01003;Lübeck;217198;1013
15003;Magdeburg;238697;1187
06435;Main-Kinzig-Kreis;407619;291
08128;Main-Tauber-Kreis;132181;101
06436;Main-Taunus-Kreis;226113;1016
07315;Mainz;217118;2221
08222;Mannheim;309370;2134
09764;Memmingen;43837;626
05962;Märkischer Kreis;416171;393
05116;Mönchengladbach;261454;1533
05117;Mülheim an der Ruhr;170880;1872
09162;München;1471508;4735
05515;Münster;314319;1036
08225;Neckar-Odenwald-Kreis;141847;125
01004;Neumünster;79487;1109
07316;Neustadt an der Weinstraße;53148;453
07316;Neustadt an der Weinstraße;53148;453
09564;Nürnberg;518365;2780
05374;Oberbergischer Kreis;271332;295
05119;Oberhausen;210829;2734
06437;Odenwaldkreis;96648;154
06413;Offenbach am Main;128744;2867
03403;Oldenburg;168210;1631
08317;Ortenaukreis;411700;222
03404;Osnabrück;164748;1375
08136;Ostalbkreis;311587;206
09262;Passau;52469;754
09262;Passau;52469;0
08231;Pforzheim;125542;1280
07317;Pirmasens;40403;658
07317;Pirmasens;40403;658
12054;Potsdam;178089;945
09362;Regensburg;152610;1887
03241;Region Hannover;1149594;501
08119;Rems-Murr-Kreis;419456;488
05120;Remscheid;110994;1489
09163;Rosenheim;63324;1701
09163;Rosenheim;63324;1687
13003;Rostock;208886;1151
16074;Saale-Holzland-Kreis;86184;105
16075;Saale-Orla-Kreis;82951;72
15088;Saalekreis;186431;130
03102;Salzgitter;104948;467
09565;Schwabach;40792;1002
09565;Schwabach;40792;999
09662;Schweinfurt;54032;1513
09662;Schweinfurt;54032;1513
13004;Schwerin;95818;734
05122;Solingen;159360;1779
07318;Speyer;50378;1183
07318;Speyer;50378;1179
09263;Straubing;47794;707
09263;Straubing;47794;707
08111;Stuttgart;634830;3061
05334;Städteregion Aachen;545067;770
16054;Suhl;36955;358
16054;Suhl;36955;358
07211;Trier;110636;945
08421;Ulm;126329;1064
16064;Unstrut-Hainich-Kreis;105273;107
16063;Wartburgkreis;125655;96
09363;Weiden in der Oberpfalz;42520;602
16055;Weimar;65090;770
06414;Wiesbaden;278342;1364
03405;Wilhelmshaven;76278;712
03103;Wolfsburg;124151;606
07319;Worms;83330;766
05124;Wuppertal;354382;2104
09663;Würzburg;127880;1459
07320;Zweibrücken;34209;484
